business_name,phone_number,address,link
Paramount of Florida Preservation,"","",https://www.buildzoom.com//contractor/paramount-of-florida-preservation-corp
Bj Clark,(774) 280-6921,"15 Woodland St, Northbridge, MA 01588",https://www.buildzoom.com//contractor/bj-clark-co
Remodeling Resource,(214) 681-0901,"1605 Bardfield Ave, Garland, TX 75041",https://www.buildzoom.com//contractor/remodeling-resource
"Vista Color Painting, Inc.",(831) 737-2219,"305 Sequoia Street, Salinas, CA 93906",https://www.buildzoom.com//contractor/vista-color-painting-inc
Handyman Matters Twin Cities,(952) 836-6326,"6224 Halifax Ave S, Minneapolis, MN 55424",https://www.buildzoom.com//contractor/handyman-matters-twin-cities
Handyman Heroes,(650) 741-4376,"912 Cole St, San Francisco, CA 94117",https://www.buildzoom.com//contractor/handyman-heroes-ca
Rogos Handyman Service,(724) 889-5820,"920 Wildlife Lodge Road Apt 311, Lower Burrell, PA 15068",https://www.buildzoom.com//contractor/rogos-handyman-service-llc
Belfor Long Island,(646) 340-1010,"60 Raynor Avenue, Ronkonkoma, NY 11779",https://www.buildzoom.com//contractor/belfor-long-island-llc-ny
Hwc Home Improvement,(978) 401-7098,"",https://www.buildzoom.com//contractor/hwc-home-improvement-llc
CMC - Carmichael Maintenance & Construction,(866) 586-5606,"P O BOX 451627, Los Angeles, CA 90045",https://www.buildzoom.com//contractor/cmc-carmichael-maintenance-construction
Nomar Maintenance Service,(407) 508-5455,"4300 S Semoran Blvd, Orlando, FL 32822",https://www.buildzoom.com//contractor/nomar-maintenance-service-llc
"WCB VENTURES, LLC; Dba Western Custom Builders & Property Maintenance",(720) 201-7576,"PO BOX 3375, Parker, CO 80134",https://www.buildzoom.com//contractor/wcb-ventures-llc-dba-western-custom-builders-property-maintenance
Davis Handyman Home Improvement,(717) 816-2567,"2376 new franklin road, Chambersburg, PA 17202",https://www.buildzoom.com//contractor/davis-handyman-home-improvement
Proficient Patios & Backyard Designs,(702) 254-6179,"3310 South Valley View Blvd, Las Vegas, NV 89102",https://www.buildzoom.com//contractor/proficient-patios-backyard-designs
European Manor Design,(770) 527-7171,"5890 C Gateway Dr, Alpharetta, GA 30004",https://www.buildzoom.com//contractor/european-manor-design-inc
Accent Home Improvements and Repairs,(757) 735-2565,"596 Sea Oats Way, Virginia Beach, VA 23451",https://www.buildzoom.com//contractor/accent-home-improvements-and-repairs
Quality Touch Home Repair,(214) 543-4902,"",https://www.buildzoom.com//contractor/quality-touch-home-repair
Ortega Handyman Services,(661) 201-0747,"P O BOX 78155, Bakersfield, CA 93383",https://www.buildzoom.com//contractor/ortega-handyman-and-masonry-services-inc-dba-ortega-handyman-services
Ifixit Handyman Services,(215) 715-3415,"30 Boxwood Ln, Langhorne, PA 19047",https://www.buildzoom.com//contractor/ifixit-handyman-services
Blue Sky Home & Business Improvement,(513) 889-8888,"3991 Hamilton Middletown Rd, Hamilton, OH 45011",https://www.buildzoom.com//contractor/blue-sky-home-business-improvement
Buy Design,(941) 923-6024,"4455 OAK VIEW DR, Sarasota, FL 34232",https://www.buildzoom.com//contractor/buy-design-llc
Thomas Property Services,(717) 634-9086,"710 Pine Grove Rd, Hanover, PA 17331",https://www.buildzoom.com//contractor/thomas-property-services
Property Maintenance,(919) 637-3278,"3312 Hampton Rd, Raleigh, NC 27607",https://www.buildzoom.com//contractor/property-maintenance-inc-raleigh
Bahco Home Maintenance & Remodeling,(856) 330-7000,"",https://www.buildzoom.com//contractor/bahco-home-maintenance-remodeling
TKR Ventures,(252) 421-3137,"200 Arabian Ln, Moyock, NC 27958",https://www.buildzoom.com//contractor/tkr-ventures-llc
